building_id,floor_id,apartment_id,area_sim,iou,haus,score
1,11271,3f8e94d622a2ff093651d33836ed8c33,0.4247030842186188,0.42450659697704074,2.3893088321545806,0.3396838724782638
1,11271,9b76ffe92e38f1bc9bd4afa5b8572937,0.46070174905687744,0.4607017490568773,1.7354363997210747,0.4232945859841849
1,11271,FLOOR_AVERAGE,0.4427024166377481,0.442604173016959,2.0623726159378277,0.38148922923122436
9,322,5c6f024e9eb0ad75b051df3cdf501f7c,0.6533201233998478,0.5463700271252607,1.8927753998004309,0.5556417212213357
9,322,8aaf42dc1a76b797e4cac85c3b3f51bd,0.637249399596064,0.4111032749534369,3.0471050358668927,0.41934106981980035
9,322,9633cf3604de4ff89a0c5c30e748cc9d,0.6519097249732437,0.5469254706771942,1.8839131868532297,0.5558814201024782
9,322,8bd56900a576fc7a96f8c2dde671de7f,0.6600662268999896,0.4318690999041949,2.789307408205531,0.4536949539047853
9,322,9601f3df0f91bc9e958c30293d44d490,0.6483568463851455,0.5441572151969079,1.9167941162224134,0.551194791487249
9,322,2e6a4f8fcf1a51a586c639135d4fcdf2,0.6318643992525357,0.5605933925944497,1.827888962177623,0.5570076685240533
9,322,FLOOR_AVERAGE,0.6471277867511377,0.5068364134085741,2.22629735152102,0.5154602708432837
15,68,16016faf2cd4546e8acdc63fc12ec226,0.7725306352085708,0.45822998416885335,1.5161663555402136,0.5002715084052936
15,68,31287904c446754f89431eb4618057a5,0.8004207808990468,0.6060113923374575,1.0951867637801116,0.6238600469348903
15,68,8d32560dba17f1ea381faf77ead55bd8,0.8035330356341335,0.47431244164020975,1.5790706946183573,0.5111381909097373
15,68,0748e88731598e64d55bec0b653fe601,0.8065722757721654,0.48295759279825795,1.4469104030956137,0.5325509435951123
15,68,FLOOR_AVERAGE,0.7957641818784791,0.5053778527361946,1.409333554258574,0.5419551724612583
17,75,c05890a75644463f0e470439eca7ad16,0.9354547009282419,0.39453657434698125,1.370223566309187,0.583793923282091
17,75,a66979ee9fea015f1b64293e74f703ae,0.7471542199327921,0.37864175016924684,1.8491223340108744,0.4503183880408156
17,75,FLOOR_AVERAGE,0.841304460430517,0.386589162258114,1.6096729501600309,0.5170561556614532
18,78,51f571039d7f5f887d9f2f781e341e8c,0.4647398978204945,0.4647398978204944,2.8359604915222336,0.4376252980333135
18,78,b00872ddb6e3f54188354643bc93243b,0.34181358319848787,0.34181358319848787,4.227520208538927,0.2734508665587903
18,78,FLOOR_AVERAGE,0.4032767405094912,0.40327674050949114,3.53174035003058,0.3555380822960519
19,81,810ed8b6c7421c59f84c36d2543df91c,0.32222880759856587,0.3222288075985659,4.436345507989357,0.2577830460788527
19,81,46f4a50e5cb98265b555f2ff5663088f,0.45607351033161125,0.45607351033161125,4.087994573130053,0.38056321786242087
19,81,FLOOR_AVERAGE,0.38915115896508856,0.38915115896508856,4.262170040559704,0.3191731319706368
20,84,4df4b20fd6b9bf21dd03eb662c612431,0.356144015577221,0.3561440155772209,4.180965059672734,0.3042897100133919
20,84,5f442194487c4f885e8a1ac45d19d84a,0.382638551030957,0.38263855103095706,4.6294294028247505,0.3061108408247657
20,84,FLOOR_AVERAGE,0.369391283304089,0.369391283304089,4.405197231248742,0.3052002754190788
21,87,b8a33ad1280973ae1d37ab870d99b6e3,0.3339322653511516,0.3339322653511516,4.228714577602438,0.2671458122809213
21,87,3aa2647233a09619c5cd9b9ed9bde368,0.4895567796528949,0.4895567796528949,2.887193270324442,0.4550936079238896
21,87,FLOOR_AVERAGE,0.41174452250202326,0.41174452250202326,3.55795392396344,0.36111971010240546
31,124,d34db20a9a6f25bed4fa0c2d597a09e1,0.8974649201144101,0.7600134463111263,0.8187156701923086,0.7976773988997238
31,124,c9c872afeb5dacc1f9996516ff009035,0.46281355565239457,0.46137291382156,2.5070163399791188,0.36967458778958184
31,124,9b7d0be422e1baa0abb97bc5bd6868bf,0.4669401287630839,0.4656812203487959,2.442652834462278,0.37818320945048417
31,124,70196db72b5dda13b4ad7d9adf487fd4,0.8973380530855739,0.7601191199567352,0.8272818581316,0.7969855444337521
31,124,FLOOR_AVERAGE,0.6811391644038656,0.6117966751095543,1.6489166756913265,0.5856301851433855
34,393,b259d652b7b26e7ada16a5cc95100334,0.545557065905709,0.5455570659057088,1.0359071236971806,0.5820061003702269
34,393,510b57c36f1a9037502f6cf00f370abc,0.3408340532248766,0.3408340532248764,3.805715068906488,0.2726672425799012
34,393,657ed8c45804b64923d331cfe4ebc8a9,0.5759796792138574,0.5755077105745267,1.2419083888430456,0.5953295134764436
34,393,FLOOR_AVERAGE,0.487456932781481,0.48729960990170396,2.0278435271489044,0.4833342854755239
39,149,6bc84fcd23b9ea762f0a6df24a3494fe,0.4036161983387233,0.40361619833872325,2.968972447594506,0.3284033604568444
39,149,72a19aac76685749b99f171f06bcb4dc,0.4038979711770889,0.4038979711770888,2.9606540196044655,0.3291736971281326
39,149,26edfa6ffa688381f8fb3fb980699d04,0.7666644273707333,0.6926339497798277,1.4040881622915655,0.6917412178995896
39,149,3cb493819701539d5d9a849994b1dcc3,0.7607825301191515,0.25470502999530326,3.0530912448342336,0.40619502404578195
39,149,FLOOR_AVERAGE,0.5837402817514242,0.4387132873227358,2.596701468581193,0.4388783248825871
40,153,f8206510d96232a8f08bdfb1404f6cee,0.406661307884436,0.4066613078844361,2.960948508322093,0.3256628238477395
40,153,ba861670e3e8ee50af397c389dccf434,0.7607881389339983,0.7069309229377349,1.3926001755136412,0.6931801435276692
40,153,803c398064fb3f776f01441a7eaa9adf,0.7508945484828348,0.7062116894896401,1.415840238405982,0.687367862241281
40,153,b44728532f5b7c6d4aa84d60a525e84d,0.40683675812628994,0.4068367581262899,2.965898259449566,0.32546940650103195
40,153,FLOOR_AVERAGE,0.5812951883568898,0.5566601696095252,2.183821795422821,0.5079200590294304
41,157,c4172f6dd3d85c6ed15c1fee7bdcf015,0.3201673643236821,0.3201673643236821,3.6811155829902837,0.25613389145894566
41,157,df5d1a6e6d005e236690ba3e51daa4b4,0.7110606313265408,0.6578104908642255,2.0025942323889137,0.6387447893746865
41,157,4bd6c5f06724a120cb9342d9af6c8f6e,0.32407437853647514,0.32407437853647514,3.673626052977919,0.25966641914807936
41,157,FLOOR_AVERAGE,0.4517674580622327,0.4340174112414609,3.119111956119039,0.3848483666605705
47,176,a86dea1af5f7137ab3fa634b776cea3d,0.48388587073350875,0.4291067825413769,2.975824724848548,0.3651970613099543
47,176,f0c66676a02a2bdcc0e4e2d6e51eed0c,0.5763675976101477,0.561707069333082,1.4344139854616365,0.5588253995730186
47,176,d41d8cd98f00b204e9800998ecf8427e,0.6158776369082566,0.6134817776734985,1.8128213858351951,0.5699071959098914
47,176,a282b1ef7efc590a402d3fccb8c56f61,0.5910103603797014,0.5884439687184383,1.85191150217981,0.5473179830376604
47,176,FLOOR_AVERAGE,0.5667853664079037,0.5481848995665989,2.0187428995812975,0.5103119099576312
52,201,1d366d4041687dd17356d9a2d705ad99,0.5595795416273999,0.5356777675499931,1.6689032987394012,0.4649457235641096
52,201,d6275559d633723c25bad942b8330956,0.42370104007527765,0.41707784541863685,1.9276164060282739,0.33631155419756587
52,201,412986c858d8de5dc05f771d10e3555f,0.7821777853245088,0.7739715482981824,0.5554866514943609,0.7648251698754136
52,201,FLOOR_AVERAGE,0.5884861223423954,0.5755757204222708,1.384002118754012,0.5220274825456964
60,223,bfd0bf3c292699638cfc223580a286f2,0.9704960606507735,0.7665803783583147,0.8081624864542925,0.6948305756036353
60,223,46511d9d7a995db18f7dd70380e8582b,0.9677202387584921,0.767944927700276,0.7972147371303707,0.6969753606938918
60,223,FLOOR_AVERAGE,0.9691081497046328,0.7672626530292954,0.8026886117923315,0.6959029681487635
87,343,c103f579d86ae1645675b0a04354d233,0.5280517703816662,0.38370653658533876,3.4313025306639107,0.36470332278680195
87,343,0ee60e960e9833cd2b43382b3e26ca32,0.5300477628051421,0.5096310555568905,1.8093211300613925,0.5104118009643873
87,343,FLOOR_AVERAGE,0.5290497665934042,0.44666879607111465,2.6203118303626516,0.43755756187559464
88,346,631413cfd341401ea9ee22ec6a0255a5,0.5802504973190259,0.3888084879263287,3.2107389402835507,0.38762359409814184
88,346,79944a6eb278897fbdc2b05707dd38c6,0.5879666660059173,0.392807896980159,3.157125645978666,0.39564944858344087
88,346,FLOOR_AVERAGE,0.5841085816624716,0.39080819245324383,3.1839322931311083,0.39163652134079135
92,404,9f848bc0335f2ecc1aa865e16f3bd9e3,0.7068423349110646,0.6176047672896081,1.196161537885188,0.6359596644852463
92,404,2b874ec40e501036dcf27250abc0481c,0.41811749442319246,0.41663923361386024,2.5499297347245653,0.3339026912148211
92,404,FLOOR_AVERAGE,0.5624799146671285,0.5171220004517342,1.8730456363048766,0.4849311778500337
105,461,4379c283ad0447649e35535b55d86cbe,0.3502494300330937,0.3502494300330936,3.1987033681596815,0.34803956405137615
105,461,aeaf30274fbdb6b8f851e65b99c29a68,0.4202840370183373,0.40927643404996483,2.619673141796541,0.4235878469749016
105,461,d699c3046a674fd31c927ce2e13c901d,0.42133799137527084,0.39254305355878705,3.271211227420793,0.39039664997911233
105,461,cb957a87cd992f401f8443c9ae8a1eb3,0.328976618172687,0.3083082021119148,4.840653530308301,0.2549139281138407
105,461,FLOOR_AVERAGE,0.3802120191498472,0.36509427993844007,3.4825603169213286,0.3542344972798077
111,495,72f5afd65cdf0d5272bdc0f05f9d016d,0.6503264024023168,0.40402046284458076,2.6714627782379043,0.42173874609875905
111,495,ca3e906cd1e14f982a52f965636fc223,0.7771586598078353,0.6059596351372646,1.2261964952507618,0.6614476863126075
111,495,036eb1c4ff0867e687320d89ea36f931,0.9133503438923803,0.34772135075520055,2.279777763850174,0.5337523141513625
111,495,76cac66a036d68a8aaf60b7aaa4fb907,0.6267036810262073,0.5701980485222818,1.418997476909694,0.5725269468861675
111,495,e2b9b03639d3f200b7e7d7fc37ccf6ab,0.9026348994236693,0.7766488952810734,0.9393048019104248,0.8013921336902754
111,495,21a04ba0b850ce0003953536017ee174,0.776619616490676,0.6057885432066268,1.2306924518079774,0.6608270408453559
111,495,FLOOR_AVERAGE,0.7744656005071807,0.5517228226245047,1.6277386279944894,0.608614144664088
115,517,98d571a8076ad7f004dea9fe81ce7b90,0.877267995220195,0.2633671240273975,2.8449021198550097,0.456254047699037
115,517,46121e0ca5c3d657bd14935d8ae04837,0.8808588111077145,0.7345473074546343,1.1525455980700177,0.7651371221579487
115,517,b01450f15a68fc8291a8f0809a42a7f0,0.6773782974557312,0.579899748162593,2.714721319624126,0.5120630832146571
115,517,FLOOR_AVERAGE,0.811835034594547,0.5259380598815416,2.237389679183051,0.5778180843572143
117,524,e7805dab6e25d42a5f027caa425fb5cb,0.7751288669987433,0.49205141549512005,1.6886255779654873,0.5631024865909773
117,524,393504543d3a1ec10b599d952a6a0797,0.515147304032718,0.449189280503962,2.3490713861774952,0.38573463381467205
117,524,57fb1fc0f2bbb7851e554d46c77b3c6c,0.887914494311219,0.46130497461885306,1.323189874754137,0.6270313666101026
117,524,059ce1df997574922ba234f30767f3ee,0.7477715570019375,0.5793106593582612,1.2159590128167597,0.627306104005945
117,524,FLOOR_AVERAGE,0.7314905555861545,0.49546408249404905,1.6442114629284699,0.5507936477554243
119,470,9f75c1e261a41426d9ea9107627bd4fb,0.5701413146367453,0.5343852541651335,1.6174525385702545,0.4848828889777789
119,470,d05276b651c4562adce40330f8c399f3,0.5817408142463547,0.5386724503892206,1.6376587549778707,0.4892771290481602
119,470,a48598ce94e67e5db44decb2d24461e5,0.4997401374766556,0.474239244667306,2.0383938064320937,0.39182364363927735
119,470,30d4983c713853949d43554e5ed3d26a,0.5151415917338454,0.48110991908398376,2.061397881072932,0.3985006043271317
119,470,FLOOR_AVERAGE,0.5416909645234003,0.5071017170764109,1.8387257452632877,0.441121066498087
120,467,4f5964e114c75b4c6dbc06ce658abea7,0.508368239699007,0.4812978471447607,1.991403994775926,0.4930938211177229
120,467,1efb875345e4751b7f863dddc75ccb5a,0.5898658433188215,0.5440456542393382,1.594413819364379,0.5712799014744787
120,467,35b9e5b337b589c0c6496c0fda4bb4da,0.3871324436460932,0.356316994842914,3.8753592511391988,0.2973797753956029
120,467,373dc82607c8229718c5fa96328af485,0.7872143369208539,0.39272980670617674,2.1082546514543976,0.5631746012781669
120,467,FLOOR_AVERAGE,0.5681452158961939,0.4435975757332974,2.3923579291834756,0.48123202481649285
121,542,852ee2cb444a20a94345ac27175a1cef,0.5573257628137205,0.2786660068419308,2.235509061126448,0.3343967078622605
121,542,3ae6556eef3d9104634d48db0ea1a8af,0.9674042485884333,0.7524244256808459,1.1812997863610344,0.7822463882287047
121,542,7daf0b507fd38019ca511c7e7301bb08,0.9186739443902158,0.423968643668241,1.6837880554798506,0.586416799873014
121,542,31f481e22aca53612902c37f272bd88a,0.6626267870863838,0.658255665978287,1.1340164899515894,0.6268981037063676
121,542,9d9020c25f729a06779e19a448546b83,0.6376107429768247,0.3292786708828745,2.1402811380231257,0.3952753394305843
121,542,c6d219357e00095be418e4f6fb4b450d,0.689246808428116,0.41256397952960766,1.983536064279791,0.46326709984258807
121,542,FLOOR_AVERAGE,0.7388147157139491,0.4758595654302978,1.72640509920364,0.5314167398239199
127,592,caa9d824ea2c205ecb1940abb35d9a20,0.7989529272697811,0.3870612892480336,2.0277946712108235,0.47687184763346563
127,592,f56550d562a09c4667a5d824712488bd,0.8779795241795443,0.4959305555702061,1.8044215634528724,0.5737896679487077
127,592,369fb96d24fa5d3a75b6265e6dc148d1,0.8000735198228943,0.38371046491847255,2.0531111851486017,0.4735135938965468
127,592,FLOOR_AVERAGE,0.8256686570907399,0.42223410324557076,1.9617758066040991,0.50805836982624
128,596,292ee5f636902142c1e45f07f871ff9f,0.8814458288470058,0.46988902251488013,1.8843428166993017,0.5405339405447545
128,596,f57b492443e116ab90d0adaf48c85408,0.83021413732743,0.80923477366966,0.5662445238562618,0.7956796166782699
128,596,710066e4da9a3d50da370c313555d58a,0.6616456361866956,0.6470431457690338,1.3397809585838067,0.5812741100746224
128,596,FLOOR_AVERAGE,0.7911018674537105,0.6420556473178579,1.2634560997131234,0.6391625557658823
130,599,1aad548b1f41455351e83ba67190a52e,0.3799553004857733,0.37977396284244896,3.1920469201018675,0.3062607460316648
130,599,1734b313a55e1b8476c988ae985ff954,0.5610689866611132,0.5550756310509974,2.1482819996985616,0.5134500802588502
130,599,605ad765fe8f336aec4d2b9a56478896,0.3772176377534432,0.376849675338165,3.230310606611459,0.3016269252366433
130,599,d279e510527e93fc3771ea0247e5bbf5,0.5549294987694178,0.5493335825131743,2.146556100663336,0.5088043222247203
130,599,FLOOR_AVERAGE,0.46829285591743686,0.4652582129361964,2.679298906768806,0.40753551843796965
133,613,4162c78ff8abb56b574a5de8c5e82b18,0.6280413224145125,0.597159008970387,1.092600271313579,0.49008013255395977
133,613,499bcb09cf788e384116049f86683552,0.7545404733362673,0.5980833974758596,1.035976003689669,0.5514145956547097
133,613,780db515962e523e860a75373cb791af,0.6310703183165745,0.5995413256081562,1.0809433577125305,0.4943784504870465
133,613,41d65e49025ca626c6d18de9ca85ddd9,0.7803313465849383,0.5937806428215598,1.0621968468790228,0.5552101292578955
133,613,FLOOR_AVERAGE,0.6984958651630732,0.5971410937189906,1.0679291198987004,0.5227708269884028
136,619,1221e19a4071debc572c5b202343ef07,0.8380995395914476,0.4118749148541013,1.7210734800226954,0.5839900526320599
136,619,9939ccceb0314368bbdb0a0a82dad8d2,0.5531979222971386,0.5269810489585652,1.6345349074492042,0.5219045278015668
136,619,a40ad2d5981aaa23d80be5c01912b10e,0.5523292959317121,0.4114811121644804,2.9673749976676986,0.38552416323847705
136,619,8925c50024abf1ccdd7f7acbbefea539,0.8379663028792097,0.40760910352246477,1.7411842069337018,0.5808749777052175
136,619,FLOOR_AVERAGE,0.695398265174877,0.4394865448749029,2.016041898018325,0.5180734303443303
137,622,438dab8c24aa86e19de605226f771292,0.84048573565667,0.7428534513128353,0.8045702442664933,0.7739295370777276
137,622,84095454fc838abcb2d5726d4db3fa6d,0.511818199817385,0.5115613331231452,1.5303981240428914,0.4963535481322239
137,622,61435710117ef84c22b06a420b03b4e5,0.49970280862605043,0.38395966603578885,2.7087108345373876,0.35346498986473573
137,622,b90faeb57efeaf7322d7ca9a987fa14b,0.8328477720325458,0.7370029186992288,0.7852190986612075,0.7699629471035414
137,622,FLOOR_AVERAGE,0.6712136290331627,0.5938443422927495,1.457224575376995,0.5984277555445572
138,626,9e2c0d6c8a4ded116ef81766ba350cd6,0.8504401031623926,0.7201261464879516,0.897258668774254,0.7681240054197074
138,626,3c31857fa6112dbe208142f490a9b68b,0.556694811128059,0.5307924823053934,1.6115555921434306,0.527045544034293
138,626,27dbf8f44e96f6adf11d888bcfc346b4,0.55833071543828,0.4080097284417103,2.9857618294480543,0.3865361775519961
138,626,83e2091a5b2ec9b7b75afa25f3262108,0.8619326154493858,0.7255829408559764,0.9187202388459372,0.7734661338396012
138,626,FLOOR_AVERAGE,0.7068495612945294,0.5961278245227579,1.603324082302919,0.6137929652113995
141,633,6c4a6e517bbe9ebf65880de50304b01e,0.848832156821944,0.7172681016018818,0.9097052015035064,0.7254001317220309
141,633,dd697f8bbff0fd34d2c3e24dba167a57,0.8378339125365994,0.41752222586124504,1.8006838020050435,0.5021424553591378
141,633,7a5e5b709d98e1e493c9a5018d8b95ad,0.5578225925731504,0.5328616390826683,1.586789047134158,0.46003075146773414
141,633,1c5876124bccf23855c95a55ad4d2518,0.553070559463954,0.5279965825215962,1.6176865715448572,0.4527521610210278
141,633,FLOOR_AVERAGE,0.699389805348912,0.5489121372668478,1.4787161555468913,0.5350813748924826
142,637,ec9c6b97ead57f6eead195104f5f2283,0.5055345558057467,0.5054722205231862,1.5648409634760436,0.48885104037031835
142,637,78f9212a2e98a5f53f00b731d7348088,0.8397876524160867,0.4057627954944849,1.7617682579633422,0.5681269176787045
142,637,faf7fba03ae9eebae51766ad79c78d72,0.49002998214029314,0.3836222611857137,2.7084696591443027,0.34946089733040275
142,637,63e14f97b2182a8c64437eb47a2a39b4,0.8440277504292619,0.7445118035244164,0.800335730432326,0.7763170808789317
142,637,FLOOR_AVERAGE,0.6698449851978472,0.5098422701819503,1.7088536527540035,0.5456889840645893
148,649,661037818e0a89861112b0c1673cef43,0.5865593160481235,0.4841048237720285,2.4556086009024254,0.5124323652316647
148,649,56fbdd2015c81c9db32db34652184dcd,0.2406043226943103,0.2406043226943103,4.239901303224954,0.19248345815544826
148,649,FLOOR_AVERAGE,0.4135818193712169,0.36235457323316944,3.34775495206369,0.35245791169355645
156,684,14244069909d874398eb703ee1858691,0.8543731107316385,0.8543731107316385,0.26862902949383133,0.8481600633776043
156,684,86a072511cb2c38294011fce06f1d2c7,0.7802479602665109,0.4307055958644511,1.520322583221672,0.4843814224523848
156,684,1317e87c23b6e809f92be30c0ad1fefa,0.7011998093147164,0.6587364413266995,0.9428228559892297,0.6199451835320432
156,684,FLOOR_AVERAGE,0.7786069601042885,0.6479383826409296,0.9105914895682443,0.6508288897873441
158,695,145def5672101bf72491ec0cdefa3535,0.6205565514449773,0.5307863188778922,1.7791714631876252,0.5700423138231051
158,695,67745393cc1396f32bfc64db99225975,0.5030772429779464,0.36749187115858123,3.9320950788653426,0.34822764565461106
158,695,FLOOR_AVERAGE,0.5618168972114619,0.4491390950182367,2.855633271026484,0.4591349797388581
159,698,cdf9cf215985a70c96cb0c7bf19be06b,0.3661549817019607,0.3661549817019607,2.5435531507581426,0.31902375458761045
159,698,7b18b85c5ac89c6d37964aba9d78f2fb,0.791887530931683,0.5009824008277198,1.5873905335461047,0.6086196409762389
159,698,b7dcd408bcf465a1f5cae8df463ab7ef,0.41590646146195,0.41590646146195,2.925301639265041,0.33272516916956
159,698,7890131d9e0b9454439de7022b653ada,0.7936218718907456,0.6193078064858643,1.4117975438761001,0.6686486598687126
159,698,FLOOR_AVERAGE,0.5918927114965848,0.4755879126193737,2.1170107168613472,0.48225430615053044
161,711,33aa32db3812ab80853978c8809770a9,0.49947620296502937,0.36308448967410495,3.9740309657836277,0.34502427705565375
161,711,5eced6f177c014f6cc6cc853b96d69f3,0.4980291875763244,0.4114694271145959,2.8913112162686176,0.41828919489127103
161,711,a070a2c1ab82ba2f61de6ea9d363b581,0.49706047346491866,0.4105585821474352,2.9039272641503873,0.4169024467718174
161,711,4ff464680d171ac2040446619f4db09c,0.5075064366408388,0.49208043215261615,2.394397940858824,0.47933251884958505
161,711,FLOOR_AVERAGE,0.5005180751617778,0.41929823277218803,3.040916846765364,0.41488710939208184
162,705,43307dc9624036d6947f5e7819f96fba,0.7986651871486848,0.5034925198182013,1.576232822145054,0.5805372265030618
162,705,8120a11d66bb9e087a20fc2fbf7be9db,0.48650434436522005,0.4780041778319532,2.2465322698026946,0.3858034088788693
162,705,FLOOR_AVERAGE,0.6425847657569524,0.49074834882507723,1.9113825459738742,0.4831703176909656
163,708,99a1df3da2840903c119d18b4ea73240,0.7979027364064512,0.5030215268603366,1.5798192802739748,0.639717558911082
163,708,98551ea32034231ac225fb460e4695f6,0.48650434224572625,0.37786808534789945,3.917612489875443,0.3457489710374503
163,708,FLOOR_AVERAGE,0.6422035393260888,0.44044480610411807,2.748715885074709,0.4927332649742661
178,730,5ab894033b959d4715e952a2d574cd37,0.368189292169934,0.3583667217010269,3.1910095768659965,0.3329998629531823
178,730,0e39b0807b637fab828b7cc3367b7070,0.31179225970738433,0.31178761946459815,3.4782221109344715,0.27762230972632207
178,730,973406697fc0ebb7f70efac73904aceb,0.36232906807701426,0.3463515041524679,4.048925393953299,0.2834722288917929
178,730,d6672d50e490cd5611c06f5e3dc22dd1,0.3658167530131746,0.356366143930252,3.2171589046987346,0.32995894862653563
178,730,FLOOR_AVERAGE,0.3520318432418768,0.34321799731208624,3.4838289966131253,0.30601333754945825
179,733,5482708659249ef756cdb70354995ed5,0.3082963020921087,0.30829500045266506,3.506774266546334,0.2727675533666158
179,733,6b32cb6487cdd4465fd28d730552b06d,0.3686504819117892,0.34703797234912004,4.033812719909182,0.28627538170436373
179,733,2bc840f00540fc363095255f61505d9b,0.3688434355403578,0.35852375271229614,3.2035555412161236,0.33211176005613524
179,733,0974b8c53696ac2a1825b6bb67a89612,0.36757282687867854,0.34575959821010144,4.026671937841254,0.28568701632192905
179,733,FLOOR_AVERAGE,0.3533407616057336,0.3399040809310457,3.6927036163782234,0.2942104278622609
187,770,e0666799b37ab6e788e7635c251dc0ba,0.4911934278398299,0.48315011329047763,1.7936713114025193,0.389737416452123
187,770,9f389a9a816da73b25362ce2c79b13ec,0.7145298503346114,0.6713890957046434,1.10488660731243,0.6311692420997256
187,770,3c60551d2b47169758c1e472532e50f5,0.782802190985663,0.5736624907676439,1.55154540089415,0.5695836742460265
187,770,20e5676a34f0955098153d1094ede460,0.6252331860038787,0.5433164168449482,1.5078602554018568,0.4992886739835126
187,770,FLOOR_AVERAGE,0.6534396637909957,0.5678795291519283,1.4894908937527391,0.522444751695347
208,817,d4d62e3156285e943d3027021af9d06e,0.41946776770940863,0.40296117478784443,3.1917378913876546,0.3570090461300271
208,817,01c21026c773a910a20826c629786a1b,0.5906873040440954,0.5485741741072704,1.8828864536070777,0.5542595694827018
208,817,4d7fe9b97ebd4752a73a607a31e2263a,0.5504697458469665,0.3746662924752348,3.5773903517689005,0.3773139335819239
208,817,55cc36f7f7c4e41fcb06b94580883254,0.6911258059553466,0.31541493158179595,3.7121317943633163,0.402616295014857
208,817,FLOOR_AVERAGE,0.5629376558889543,0.4104041432380364,3.091036622781737,0.42279971105237746
210,831,9c2ead9aeabe5c0565487b3068df8290,0.5621591251965936,0.5432319556423462,1.5229347896773966,0.5101248545331666
210,831,491fd23743ab1c74037244c0e8b30860,0.47201608111385307,0.47201608111385324,1.8886098991372957,0.4138789042996593
210,831,b43f27f69954813db3322f0acc8b0feb,0.5534698233811612,0.5391062711866609,1.616474867617688,0.49688935713468896
210,831,5dba83c0940556b8ffb38fad3ea14552,0.5481141320575615,0.5331382163763531,1.603563859546085,0.493479184852061
210,831,bca5e9409a18e4e95a600bb8feefc75b,0.5575584574493189,0.5402502064841175,1.5215723704036426,0.5072100033774649
210,831,b23bb623e85f331b5edfd789ecd96588,0.5800457180527606,0.47386975036046725,2.306925078115072,0.42156618736529117
210,831,FLOOR_AVERAGE,0.5455605562085415,0.5169354135272995,1.7433468107495298,0.4738580819270553
247,972,db8ec6766fa8fd6e43bb364f0f99fb95,0.8557131981285419,0.6420141240422006,1.2903626507617512,0.5990909288682971
247,972,3c81adb77c418be4ff352490300cbda4,0.768019284332443,0.6457333536031085,1.0165106153393004,0.607946802540015
247,972,616ad3ee3db3297a5c27b024ec3435dd,0.8282459132917522,0.7458768299563843,0.7181952370826943,0.7183322924213832
247,972,FLOOR_AVERAGE,0.8173261319175791,0.6778747692005643,1.0083561677279154,0.6417900079432317
250,976,50c03a55284f2eec1bf91612e1948a50,0.8326186408851965,0.5214399264535109,1.3770466772535421,0.5416234269354829
250,976,65814a7b819cd678130d0007882c64bd,0.96994375904239,0.7118827924949123,1.0380686707329383,0.7219632301001245
250,976,FLOOR_AVERAGE,0.9012811999637933,0.6166613594742116,1.2075576739932403,0.6317933285178037
251,982,e91335d2c9081b29bc80d3a52ac89a0c,0.33164822918548587,0.331648229185486,3.3669590382496892,0.26531858334838876
251,982,88150823d0f7f2481155001ad64c0451,0.3322650260880149,0.33226502608801495,3.3662869247291853,0.2658519449391558
251,982,6d30a4e76a14b1049ab90bac2f66764d,0.5209503111146928,0.49256788684939645,2.1368262664937943,0.47847812785241245
251,982,FLOOR_AVERAGE,0.3949545221293979,0.3854937140409658,2.9566907431575564,0.3365495520466523
252,986,5e2c14318a02e51b8218ab5c7ba2916a,0.5209503111146929,0.38345515932541957,3.5358147218208344,0.361762188176045
252,986,1a8372d176bf90d2d1e2b64aef1f6780,0.3322650260880152,0.3322650260880152,3.366286924729182,0.27540119962717413
252,986,ae77679316aa74130096d652f51559e4,0.33164822918548587,0.331648229185486,3.3669590382496892,0.27486974464250713
252,986,FLOOR_AVERAGE,0.394954522129398,0.34912280486630687,3.423020228266568,0.30401104414857544
259,47941,8cc9b58d0f2dabb4f9ba65d549ae6f6d,0.6843462248204841,0.5330065657774111,1.5885636734790736,0.5222454066282991
259,47941,e1a993133bdfef4c9683cdb6a2760514,0.7039651052521246,0.5190164400210243,1.9290893214310347,0.4891926181092596
259,47941,e4c39dd95ac603228be0df0a169ecb4e,0.7686886804827072,0.5011638221193727,1.8315133581217498,0.5180572732346879
259,47941,234ffa71592df853f5e33d878850f1a5,0.7672352086975271,0.4856754404881586,1.9227612321356242,0.5018203297924496
259,47941,FLOOR_AVERAGE,0.7310588048132107,0.5097155671014917,1.8179818962918706,0.5078289069411741
281,1101,c8ae85e16cf573b381ca892ce511e61e,0.28773160547632104,0.28773160547632093,3.652310437929676,0.30511389828802893
281,1101,5825be3a4d1fd7818768f933502ad992,0.17591755143109733,0.17591755143109739,5.5799811827624115,0.14965061799076276
281,1101,792bb8b32c118cc4e6923bb629e29136,0.32972350267256445,0.3297235026725645,3.0417012250029813,0.3596173967051576
281,1101,5392d974660a43f44b45dde861130336,0.19602890745985913,0.19602890745985924,5.84036133606626,0.15682312596788733
281,1101,FLOOR_AVERAGE,0.2473503917599605,0.24735039175996051,4.528588545440332,0.24280125973795913
282,1109,c212c498600bbcd5cd5de7eff032c1c3,0.6549670069417326,0.6290886149483436,1.6042369675081092,0.571264678759572
282,1109,2c055f8ed370d303e7ff944b52bdd7f6,0.8648291450801796,0.6389056335152643,1.3807833576760586,0.6789652779061612
282,1109,ea698bf73341eff3a0393876d75c5fbb,0.5413513518389534,0.5055345078997616,2.219634411262048,0.42178733249529043
282,1109,b4b020e685e05940a08b65be4496e751,0.6594584856294754,0.6328146808662405,1.6434925808146361,0.5710682126576084
282,1109,abe47bce7672ae557cd6f6a1817f2347,0.5420239508275901,0.5032067050277443,2.2538133624337906,0.4180922623421338
282,1109,a8a462094539f87da6e3df981df0e9b7,0.8859257300508566,0.629464382994712,1.4574339480963692,0.6768255538484761
282,1109,FLOOR_AVERAGE,0.6914259450614647,0.5898357542086777,1.7598991046318353,0.5563338863348737
298,1183,26d0fd4f6fef4323a50d50b877ce4877,0.21074772332984548,0.21074772332984532,6.020027253328277,0.16859817866387633
298,1183,FLOOR_AVERAGE,0.21074772332984548,0.21074772332984532,6.020027253328277,0.16859817866387633
303,14017,79f0c2209426e892d0d90846cbfbe7e0,0.7406585829709542,0.5261682657744763,1.739804801395908,0.5338645322420009
303,14017,1b97b38e720589e72ef65c530f8b90a9,0.928363905080758,0.3093159426512877,2.012891737501572,0.49507193909281827
303,14017,FLOOR_AVERAGE,0.8345112440258561,0.417742104212882,1.87634826944874,0.5144682356674096
304,1200,aa9f0571ab80bebeb5fe630a5e69f2b9,0.9094516443720766,0.46580931378401136,1.1665875148371858,0.5501043832624353
304,1200,FLOOR_AVERAGE,0.9094516443720766,0.46580931378401136,1.1665875148371858,0.5501043832624353
308,1243,e068c88431749176a11e19e9c9838c49,0.9836960244460313,0.43486861421832806,1.3291165086886048,0.6275038087085235
308,1243,d7a9dacba2e75dd8fa1bbb7c3ec7fa65,0.9036140415025443,0.3904694346654537,1.707459065822066,0.5378815284730085
308,1243,59d30666b4ed0614f84d5176d4c84b07,0.7513265691911004,0.70126019328562,0.9268706792415431,0.6834588779876121
308,1243,836ec4532b35a4b36f9d943bdfa2df05,0.7528686863946095,0.6618976769487078,1.8997956926613067,0.5659065453373269
308,1243,FLOOR_AVERAGE,0.8478763303835714,0.5471239797795274,1.46581048660338,0.6036876901266177
312,1259,35b221ddbf8b063e0779b14ca6ecda35,0.29850992626691475,0.2985099262669147,2.7951396116601916,0.23880794101353178
312,1259,FLOOR_AVERAGE,0.29850992626691475,0.2985099262669147,2.7951396116601916,0.23880794101353178
318,1290,5929f9183f6863c60008d6ea1eaeb7aa,0.5895333422611522,0.5558221683662001,2.033775984525393,0.45814220425094093
318,1290,7fd5ed3d2f283944f207ca5ab2f5daf5,0.5611284575410751,0.4793801212376465,1.7744475026323228,0.44170559928869224
318,1290,4af181a59fa4218c9d8b3af09fa8914d,0.9539926562235752,0.6389218753604873,1.0864379872792365,0.7303263184567115
318,1290,FLOOR_AVERAGE,0.7015514853419341,0.5580413883214447,1.6315538248123174,0.5433913739987816
322,1321,e972a4fad1408713d839e260c8cc4d57,0.8154675902426607,0.4337781153993018,1.3368187707987338,0.5806827112179961
322,1321,a52bf09ed8d9b62e3aef566503c9a5ad,0.5489004411432972,0.5108797786591386,2.24646028940708,0.42391208792097435
322,1321,FLOOR_AVERAGE,0.6821840156929789,0.4723289470292202,1.7916395301029069,0.5022973995694853
324,1374,9a2856e3b8d55665ec9c8e2d0894a7ad,0.8697415326982805,0.4196663071215017,1.4703198694807373,0.5881867343410141
324,1374,6ecc4dbb2620e2427c0ef0c5ca9fc79d,0.5746292870098116,0.4856532703107626,2.3050028864142678,0.4241130229282297
324,1374,FLOOR_AVERAGE,0.7221854098540461,0.45265978871613216,1.8876613779475027,0.5061498786346219
325,1326,00def9d2e4ec88b61b67339232cc8f2b,0.8071060780662931,0.4360266218609575,1.327147667483159,0.5656490971984637
325,1326,fdcd3f04f26b6e0cf83ddf4530d21fd7,0.5519720756112864,0.4712662782863865,2.0168807045574,0.4092953415590692
325,1326,FLOOR_AVERAGE,0.6795390768387897,0.453646450073672,1.6720141860202795,0.48747221937876645
326,1323,05c5d674878a5f6e15046cfd71334c40,0.7971092284574466,0.48076400692919474,1.1930886292904703,0.5188093632657856
326,1323,21320abeb9d24dae16ed9ebe404b0ac4,0.9499386709574368,0.43394008155801383,1.2406041988023868,0.5535515010061802
326,1323,FLOOR_AVERAGE,0.8735239497074416,0.4573520442436043,1.2168464140464286,0.5361804321359829
327,1330,955d1914640519fe7711b4a3094d2105,0.5511799068280183,0.5131227791756645,2.235726957890652,0.42572107440147317
327,1330,329ab13bb57aa114e9fb0b48aa72acea,0.8024369612971545,0.6664150570264049,0.6254345613325146,0.7315917068254342
327,1330,FLOOR_AVERAGE,0.6768084340625864,0.5897689181010347,1.4305807596115832,0.5786563906134536
330,1340,8390d7b61bb84726592c21e396d9be78,0.967738331849491,0.6266037007074071,1.2695405610353026,0.6961824679216462
330,1340,04e0cd2d12a4d954240a12b63746d175,0.7956554613784843,0.7659161317100261,0.6034387044331705,0.7573449495483857
330,1340,de26e021094f165e0bc70802514de59b,0.9382287294849772,0.6049413270086834,1.3785699676776926,0.6635568494849323
330,1340,90d2aa176116dfe1d8a27e89fb17307c,0.5855286140234321,0.5519854666206678,1.7937147180165511,0.45500563225764
330,1340,591354d26e512cc7e23d7d2004c4c206,0.5835716410498171,0.44915955276059355,1.7183681943826292,0.4214936488896128
330,1340,fc1ab21e8aaef73512580f3df0e81023,0.5864282948010047,0.45027403480329836,1.7057071726491007,0.4244938128404084
330,1340,FLOOR_AVERAGE,0.7428585120978677,0.5748133689351128,1.4115565530324077,0.5696795601571042
371,1494,cb10924373823b833dffb87f2a48f61f,0.17978559872582733,0.1797855987258273,5.207661558157734,0.14382847898066187
371,1494,FLOOR_AVERAGE,0.17978559872582733,0.1797855987258273,5.207661558157734,0.14382847898066187
394,1570,f3117d39088db506b9bcf1e5ce3ce9b5,0.307541858963163,0.30754185896316305,4.684777863835641,0.24603348717053042
394,1570,09a16ef3a12da5190f2f4ccb3712a965,0.34686367531165585,0.34686367531165585,3.068252153702083,0.346502780601987
394,1570,FLOOR_AVERAGE,0.3272027671374094,0.3272027671374095,3.8765150087688616,0.2962681338862587
395,1573,4a2d01469c14259e3c9cb1f2184f9b39,0.8338398614399097,0.5611992799750104,0.8643749453809982,0.5708807215225755
395,1573,9ca35261a2a4c1525b6e31df948654e7,0.8340744703044398,0.5655694427476954,0.9237985896973947,0.5598575652208542
395,1573,FLOOR_AVERAGE,0.8339571658721747,0.563384361361353,0.8940867675391965,0.5653691433717148
396,1576,bb464c064677a20ebd13f96e8cb6330e,0.1723178027080542,0.1723178027080543,5.184021925131026,0.18435820710213363
396,1576,349093f7c40869a8a8893e66f46c6a07,0.17314602876572405,0.17314602876572396,6.754600433762465,0.13851682301257923
396,1576,FLOOR_AVERAGE,0.17273191573688912,0.17273191573688912,5.969311179446746,0.16143751505735643
403,1601,662a4c7f81f81fae69cce37641c64660,0.9466344701972856,0.6080811619538319,1.150501026816771,0.6227916679397165
403,1601,a044b41f08450259b7980943ab9b49b1,0.9457207569544481,0.6093869198302903,1.1557331177790129,0.6220430707138954
403,1601,FLOOR_AVERAGE,0.9461776135758668,0.6087340408920611,1.153117072297892,0.622417369326806
409,1624,798aca08959f0379282f0225e15af060,0.6289412017817961,0.5496166886509577,1.781808778726533,0.4809223838129652
409,1624,a92df7c3242a555523c96e398fd462eb,0.6035199127871493,0.5165837988643432,1.8706578001248975,0.448041484660597
409,1624,FLOOR_AVERAGE,0.6162305572844727,0.5331002437576504,1.8262332894257152,0.4644819342367811
412,1639,63a72e9d7a42e3a0d588b620902f6354,0.5271750142312415,0.5271750142312415,1.0072158245487517,0.4217400113849932
412,1639,b2c34eb28549aba1de42315ca88d368f,0.8921457259076112,0.759865559399764,0.8261738569979846,0.6967535060149067
412,1639,65b1c8094c5647faf9a3eeeaeda04382,0.9060397638949126,0.7714732379478508,0.7652813419205509,0.7190454472724677
412,1639,FLOOR_AVERAGE,0.775120168011255,0.6861712705262853,0.8662236744890958,0.6125129882241225
414,1644,2f545c820e5a62cf05e807ac383dc6ff,0.2967681163684016,0.29603049777066837,4.341077490541398,0.23711944565562798
414,1644,850cb75c13ea9be79ee6c568ade2058a,0.3928764241780863,0.305912907425755,3.7948749707679243,0.3046801081203697
414,1644,FLOOR_AVERAGE,0.34482227027324397,0.3009717025982117,4.067976230654661,0.2708997768879988
416,1654,9cd07177304bde6ea92b499b75e36617,0.47366700830035224,0.3737251777704726,3.7899248886474846,0.33895687442832995
416,1654,3507ddf52623e69a6cffcadef6622322,0.48622700599492563,0.4747095144778956,2.173591109945905,0.4696709571243393
416,1654,FLOOR_AVERAGE,0.47994700714763894,0.4242173461241841,2.9817579992966947,0.40431391577633463
429,51017,2c81c4c408ee6434cdede183d8292156,0.45671299878008564,0.4567129987800856,2.401256600492684,0.3952710546329461
429,51017,1119b75bc55738291fa124cd5e213e54,0.4558669985932057,0.4558669985932057,2.414889442866175,0.3936285361385378
429,51017,25ff188d6a2ba3b3310c027fe4e9cf19,0.5807483526522492,0.5504341243773649,2.8233578548913054,0.45247299081184567
429,51017,FLOOR_AVERAGE,0.4977761166751802,0.4876713739168854,2.5465012994167218,0.4137908605277765
430,1686,0a70f01a8a16e0917e2941a398a23e0a,0.8137150346315316,0.5073504392045959,1.6647876563587936,0.539260644572301
430,1686,1e78cd92e4a10f10f55f0fed3d937f4e,0.767656174555091,0.5036379918088134,1.7601383557369281,0.5085176665455619
430,1686,FLOOR_AVERAGE,0.7906856045933113,0.5054942155067046,1.712463006047861,0.5238891555589315
433,1698,94b5b852d12064fecbd9d69a81dac59a,0.5961468627638625,0.4725094625789545,2.232022712429797,0.42757391873331346
433,1698,04ad0a02e576ba66f29473efdbc5445d,0.580903707361994,0.5206157199358545,2.2332665145396233,0.4406077709191395
433,1698,ca7cc92311b11ac98fa6e69653e22e9e,0.6045040489738925,0.5063659670644648,2.0502519056973534,0.4607378647372905
433,1698,FLOOR_AVERAGE,0.5938515396999163,0.49983038319309125,2.171847044222258,0.44297318479658115
434,1705,5201bef0a3f691ccf280d539ba052a95,0.8697517847801384,0.7834853989532398,0.6794724075100174,0.6612948734933513
434,1705,0347e0c2bc9a2fba62aa2d13f11e8022,0.8650993483787777,0.7900430234061909,0.6297031730503659,0.6767063248798381
434,1705,FLOOR_AVERAGE,0.867425566579458,0.7867642111797153,0.6545877902801917,0.6690005991865946
438,1723,df097c1ae8077a16c13cd58dd2948cb7,0.3549358963242576,0.3549358963242576,2.7412731169759934,0.30523392082613326
438,1723,2a97165e8ead5c907611d1a4271c3fd7,0.9816162530808765,0.6832424968103706,0.6225155518935782,0.8253591673266178
438,1723,415ce35e6123736bade038a7a8c351d2,0.4864615733400727,0.47061672402710264,1.893000952864884,0.45941885140921773
438,1723,9f0d1b06e5dc88e524fe26a09a760fdc,0.3723670113483176,0.3723670113483177,2.046871754884436,0.36444967519097604
438,1723,2811a36c67d039b99b0be7e125d5a580,0.3633172126556131,0.35715524952428834,3.067762910238125,0.2881889848719606
438,1723,FLOOR_AVERAGE,0.5117395893498274,0.4476634756068674,2.0742848573714037,0.4485301199249811
439,1728,b6d0efec1f4000f9c82738977e09b8ba,0.8364749459375158,0.46643611661284506,1.9231315676839051,0.5326634990678834
439,1728,3b11e67fc624216db87ea9cba8dc7b45,0.4982164339942543,0.48899835479474285,1.9582433700523176,0.4029434115821343
439,1728,467e735f701b7cc5dbc50db4acaee378,0.5589238521369264,0.5047645184849799,2.040447873631082,0.42547534824876254
439,1728,FLOOR_AVERAGE,0.6312050773562322,0.486732996630856,1.9739409371224348,0.45369408629959346
440,11931,42805c514b1d9cc72e2f4c9a643daf97,0.8275440022697843,0.4654881978801226,1.9311506347710234,0.5267462904541186
440,11931,1bde24d5e37503138000a69e4ec90297,0.5628617030341849,0.5059426658885754,2.027810377418307,0.42752174756910416
440,11931,fb7d65d21c8b932b38d3da1f9929c2a8,0.5046311062675446,0.49493355513851134,1.9052276404615525,0.41191602233277763
440,11931,FLOOR_AVERAGE,0.6316789371905046,0.4887881396357365,1.9547295508836278,0.4553946867853334
441,1733,d998341b01d5ba42d96b32742699011a,0.4401864419691427,0.43833597576995814,3.218566759832958,0.35140896709564035
441,1733,7a9d088991db6a1d0c30a4800d65a21c,0.5575503370996495,0.5575503370996496,0.8341101736208735,0.5942091140218415
441,1733,3267ee7de6751e11063aea150393d787,0.3096059172035156,0.3096059172035155,2.8243063666807546,0.2721838616400087
441,1733,11b6ff051751d50c07eecdf5e539261e,0.5379851974303897,0.5340322503149657,3.021699665539201,0.44104019400302585
441,1733,22f71186dec5e0ef731713f51135e996,0.5406835529259764,0.5042826787172482,2.211282035809534,0.4805786213397908
441,1733,7142364e08acdcc669f88d5b6ff18ab3,0.5915121375066839,0.4602376571852005,2.558821018693622,0.46169616188031615
441,1733,FLOOR_AVERAGE,0.49625393068922624,0.4673408027150896,2.4447976700294904,0.43351948666343726
442,1738,2abb75b90787a5705fc207c313c6d789,0.48717834067919563,0.48717834067919574,1.2338587165533839,0.48487393042108806
442,1738,f882da9a6f4f07898d99f656e273400a,0.818601325473507,0.4265248324839249,2.353148691561121,0.49805046318297275
442,1738,aaef48a0d492e682b28ca06629795f9d,0.49390052819381336,0.33267865034175087,2.0572669347523074,0.35577940286612303
442,1738,6ecfe395f09c980ff9b18d1274e478dd,0.9306149414022311,0.49784460667027547,1.6688230915280664,0.6295463656492257
442,1738,c560bf4869b09d134e8b04d15c3924db,0.8221000802508864,0.6585217436100568,1.227890447972553,0.6878872455144032
442,1738,FLOOR_AVERAGE,0.7104790431999268,0.48054963475704077,1.7081975764734865,0.5312274815267626
444,11888,2d5de5c93073baf70db3d0374ba33206,0.3277783812959717,0.3277783812959717,1.6675675099381695,0.3767214323854788
444,11888,720a5ec8cf34904eda0e5213883073f1,0.31362131380766245,0.3136213138076624,1.6612928924400003,0.3657174971728096
444,11888,eab7daf9066e72e714bc01e3782417cb,0.817215692851895,0.5150023689307656,1.6598082785013668,0.6477837915247493
444,11888,0429b1c1d879653f7f02bb05a06b3642,0.8226128029441198,0.5182340206396654,1.634982554518907,0.6525081868372381
444,11888,33511c184954efaeebe25eb7a4cb88ac,0.8439864520460509,0.561961924152858,2.135774833817233,0.6528716602063463
444,11888,b029e3e1855f45ed5a37c7751b615e0b,0.8240783871276331,0.21321995660648893,3.9006846523537515,0.41491933749364884
444,11888,FLOOR_AVERAGE,0.6582155050122221,0.408302994238902,2.1100184535949045,0.5184203176033785
449,1764,91aa260a6261dcdf9542dfa4a43a018c,0.7958122502004623,0.3468568795710582,1.9383391807131567,0.4570676519086082
449,1764,2ac7f80252461cb3107f730c666ade42,0.8950462996564095,0.7140961938462018,1.1627227809174256,0.7236859631788881
449,1764,e116a53582ffd10d1a56ae822313f00d,0.8891576808204631,0.6962654148035531,1.2176335689135267,0.7085324476373945
449,1764,FLOOR_AVERAGE,0.8600054102257783,0.5857394960736043,1.4395651768480364,0.6297620209082969
450,1768,c3f8b6e7addd3fac269f1b22572782a4,0.8589125017293697,0.7047398250332015,1.215824017913457,0.7015744100727841
450,1768,92fe5129f50b129df905438b22d30140,0.7675652572013749,0.34526273829209914,1.9628027515965436,0.44513119819738967
450,1768,caec9f624002ce055069ec733b29bdc3,0.8509865840284094,0.6864414009716872,1.2549542398042592,0.6870974951494048
450,1768,FLOOR_AVERAGE,0.8258214476530513,0.5788146547656626,1.4778603364380867,0.6112677011398594
451,1772,45379af050c44a3497d965df1da1128a,0.9021438315205632,0.7071318451503592,1.1415048404564185,0.7223445684721956
451,1772,84b1fa6b60e1a8f241d871f02327004b,0.9040015466189983,0.42027697316126283,1.8810995525099987,0.5297114079121045
451,1772,c0db2cd6359b9e9527c513f45910ff56,0.7776746861665095,0.767714402134142,1.0117778355699432,0.7105826114236888
451,1772,FLOOR_AVERAGE,0.8612733547686903,0.631707740148588,1.3447940761787869,0.654212862602663
453,1784,c775f19a255dbc872f7bea7d3556a44d,0.5257963518586991,0.480332218715214,2.060803911861247,0.4569235252844448
453,1784,2f88a7e37b6ec4f6c900d98433aeb1e0,0.381981195851845,0.38198119585184487,2.8321770191911435,0.30558495668147595
453,1784,96dda3e6f53300784474979c8e89e11c,0.3809278813960144,0.3809278813960145,2.8270911793067106,0.3051014521510521
453,1784,de55bf30cf6fa42e7b06900ab93d430b,0.5267685595035407,0.4808730978668389,2.0547546752537196,0.4579559392765399
453,1784,FLOOR_AVERAGE,0.4538684971525248,0.4310285984574781,2.443706696403205,0.3813914683483781
454,1787,d70987ecbc4434a66e3f0c18235df299,0.673284845970799,0.5277374251976049,1.7685984919167665,0.5708804283855
454,1787,855db6b08268a833cdb82b6cc53167f8,0.3406638097226661,0.3406638097226659,3.22947691887063,0.2725310477781328
454,1787,8dbca6e477d1fa88f11d3f49c202a4dc,0.3888973514618549,0.38859395570474903,2.431778797483905,0.3603975956363882
454,1787,f09321c26f5a66c6e0eb9622dd8a34e8,0.5591554659797897,0.4932754329680985,2.1658527702160484,0.4868421072425967
454,1787,7ce3217ba3a8ee66b25e56bd5d758940,0.3843272823671643,0.3843272823671643,2.817006910771906,0.33300590120131823
454,1787,FLOOR_AVERAGE,0.46926575110045476,0.42691958119205653,2.482542777851851,0.4047314160487872
459,1809,a3237989a7e27fb799ab92fcbcf7e2d5,0.7032098058405096,0.38853286841110934,2.224160814578658,0.44965390102616276
459,1809,abfac3173c7e2b84129ad29be957f8ab,0.702977489519648,0.6831846105500048,0.9749706524548901,0.6724736463135977
459,1809,7da10fccad2ce814baa51b1a94e86da5,0.6746613697916155,0.43216395640417243,2.3782326083765315,0.4427301304783152
459,1809,FLOOR_AVERAGE,0.6936162217172578,0.5012938117884288,1.8591213584700264,0.5216192259393586
462,1823,5b8dc3d621fc883c5c93eb06ba8fd5bd,0.46214615134520376,0.332944961304931,4.405014259378256,0.3180364450600539
462,1823,fe5735f3bad69527dc41f63447ea9e07,0.5628396691546965,0.4348486134577891,2.1624528809977255,0.5008938882564651
462,1823,e070cdd3edd1bba2ea4702ed33e3709f,0.9302084992536186,0.7949338314634417,0.5588351020081488,0.864684251559701
462,1823,dcedb1696d54841774e64a63cdec9f3d,0.5602671190484005,0.5596528101245786,1.5356187006519972,0.5782465764486122
462,1823,cc291f47dcf9996943105a6e65b3f7db,0.980404947170425,0.7878192041401669,0.7591589378938166,0.8728217158960183
462,1823,5c4486ec444d17b69b49cc585982fb3c,0.4599658256560779,0.4545399089155676,2.885996198779959,0.43476997343897117
462,1823,FLOOR_AVERAGE,0.6593053686047371,0.5607898882344126,2.0511793466183175,0.5949088084433036
464,1845,99bab94202f3b4a863aba0f83a6306ff,0.5050569210383231,0.4840258864904646,2.524168697181121,0.4562531360140473
464,1845,3b7dac9359e6ec105e3e55abb6fff76d,0.7518638386327898,0.3180329872230135,3.6219958855742744,0.42795873034232135
464,1845,4f4d92449ec376505fd8e8afbe32e029,0.8304814306809194,0.510308722007185,2.6099198794207834,0.5922010503533577
464,1845,62a2c328b39eb556f81413aab9bd7d13,0.6462039744796677,0.6396828633903029,1.8697424042155917,0.6111109732396756
464,1845,FLOOR_AVERAGE,0.6834015412079251,0.4880126147777415,2.6564567165979422,0.5218809724873505
468,1856,5dfd4a87a696e90ab6d0fccbe620c8d9,0.7567360077246438,0.6176253181063032,1.0843218287428824,0.5518538351299699
468,1856,659bf0397e383b5caf73fdb5d432a2b9,0.765572928725446,0.6129134014558513,1.08371443176324,0.5536146879176304
468,1856,b6d61a194e6f63c613d324e86b643e6c,0.753202763013866,0.6149864522263712,1.0945396351094114,0.5475202227485494
468,1856,8a00804bfee792758964d46e0a0f74f0,0.755093292552739,0.6133103528352726,1.0958795486910626,0.5473614581552046
468,1856,FLOOR_AVERAGE,0.7576512480041737,0.6147088811559496,1.089613861076649,0.5500875509878386
469,1853,b85cb0d3698fb9cec0f622ce92e4630c,0.6314126598655292,0.6042082455474157,1.2666862326467294,0.5478289169511876
469,1853,03de2e05f61a8b08f8fa484b6d61af7a,0.717837568512123,0.41190417022444037,1.7302158614185184,0.45189669549462536
469,1853,eac67b90165b66672ea8c9a1de47d693,0.7238532128987049,0.6943467936651878,1.1068864168401962,0.6393322197480248
469,1853,7208c8775f428601138ba45550cc4b8d,0.626750341858021,0.5991221447080561,1.2965775876395347,0.5404743325624113
469,1853,FLOOR_AVERAGE,0.6749634457835945,0.577395338536275,1.3500915246362446,0.5448830411890622
470,1859,c7540844d44389bb38530e2a109445c2,0.9850447611238758,0.6250744704528745,1.3193173159822995,0.6575808837968647
470,1859,a72b0d7e864a4343e951db23540853e3,0.7642861346355418,0.7087421756489597,1.4150693351093615,0.5892113241138006
470,1859,FLOOR_AVERAGE,0.8746654478797089,0.6669083230509171,1.3671933255458306,0.6233961039553326
471,1866,a3c2a8424f64cb5fad0f9cbbb0c3f0c2,0.6105110807368683,0.5789363594879234,1.3590722189707676,0.4757789760899167
471,1866,49f15d857c19cc24f441b8ebfc5f8013,0.6139705253912762,0.5828494252279282,1.349842040778462,0.480086286018849
471,1866,FLOOR_AVERAGE,0.6122408030640722,0.5808928923579257,1.3544571298746146,0.4779326310543829
473,1872,1d10b635882aa9f75b0668146e20c3a9,0.8884444983493076,0.7849123842530572,0.960637464669378,0.7726237019321514
473,1872,c9e52d8fd8f25e5d23bd6fe317e96652,0.968591349360177,0.8534038716126185,0.8789801529723099,0.8403004714778268
473,1872,0d416dd23ddb69d9c4f5760c80fc6336,0.9610876946624042,0.33350927730882535,1.9864493161513836,0.5178387887884919
473,1872,2daf5f5548ce893225600c55dd6c9a23,0.9131329381950122,0.8037172577405086,0.8938401790142523,0.7967463220023107
473,1872,940e80114772082400562424069c7594,0.8874568844455415,0.7823468121670245,0.9728478274676632,0.7699730618837579
473,1872,bcb1d0a6ab3a8753128a019483dae182,0.9166973336428906,0.8048607337743389,0.8783135551910447,0.800192724557425
473,1872,FLOOR_AVERAGE,0.9225684497758889,0.7271250561427288,1.0951780825776718,0.7496125117736606
475,1880,e2bb9fa1b6d470063d0977bb15b3efa6,0.9474800031042356,0.4604564150284488,1.3864738764568147,0.5649028992678805
475,1880,0b8ba7a65606154b5868fa328820615c,0.8605599915201686,0.4938725260732074,1.3503091481915617,0.5486730491847038
475,1880,befe339d1d108ffc7f5bddba98a7d2bf,0.625342547300944,0.6253425473009437,0.9501285029329903,0.5644016162425785
475,1880,0b814031e7f4d9a20808b0dc3eecb8d9,0.9505787504453587,0.4606901781458301,1.3985597544479782,0.5645075714364756
475,1880,10d511f76402aff3ad8292e25e20feb1,0.8615199483086988,0.49503775024707136,1.326716919992265,0.5528969106586531
475,1880,FLOOR_AVERAGE,0.849096248135881,0.5070798833591004,1.2824376404043218,0.5590764093580584
477,1890,2712093604ed271151592f003280a8fd,0.8501646414838642,0.5649808107249066,1.4285984403273946,0.7069368335227466
477,1890,7b67023d7185f7032c85e7e7e601910f,0.44172160756592327,0.43056524710381977,4.8327668569865505,0.3489147418678973
477,1890,2a2064c7614a94a507c5a7f03b2facf5,0.9204642094356942,0.44399653641812775,1.781945788743832,0.6720399675481764
477,1890,3e06be3055a09b8c38109dc98122e902,0.7656432459938999,0.6938414957924585,1.5295275128191892,0.7204956844033905
477,1890,74161cdb817b883b4f57998299566fb7,0.43293573908143435,0.43015942954867664,2.1686884479969684,0.455488716317434
477,1890,ed4554fb27054539068ad255c51a536d,0.7075843866611927,0.5545045265169735,1.7330314323069522,0.6331155140628548
477,1890,FLOOR_AVERAGE,0.6864189717036681,0.519674674350827,2.245759746530148,0.5894985762870832
